clase_objetivo,variable_objetivo,confianza,cobertura,soporte,lift,t,regla_str,antecedente_txt,usar_en_difuso
Corta,green_light_duration,1.0,68204,0.334333,2.7109,68204,"ReglaPRISM(antecedente=[('vehicle_count_lbl', 'Bajo')], clase_objetivo='Corta', variable_objetivo='green_light_duration', confianza=1.0, cobertura=68204, soporte=0.3343333333333333, lift=np.float64(2.71092742953582), t=68204)",vehicle_count=Bajo,True
Corta,green_light_duration,1.0,157,0.00077,2.7109,157,"ReglaPRISM(antecedente=[('traffic_density_lbl', 'Baja'), ('average_speed_lbl', 'Media')], clase_objetivo='Corta', variable_objetivo='green_light_duration', confianza=1.0, cobertura=157, soporte=0.000769607843137255, lift=np.float64(2.71092742953582), t=157)",traffic_density=Baja Y average_speed=Media,True
Corta,green_light_duration,0.333333,1,5e-06,0.9036,3,"ReglaPRISM(antecedente=[('traffic_density_lbl', 'Baja'), ('average_speed_lbl', 'Baja'), ('queue_length_lbl', 'Extensa'), ('vehicle_count_lbl', 'Medio')], clase_objetivo='Corta', variable_objetivo='green_light_duration', confianza=0.3333333333333333, cobertura=1, soporte=4.901960784313726e-06, lift=np.float64(0.90364247651194), t=3)",traffic_density=Baja Y average_speed=Baja Y queue_length=Extensa Y vehicle_count=Medio,False
Corta,green_light_duration,0.268877,146,0.000716,0.7289,543,"ReglaPRISM(antecedente=[('traffic_density_lbl', 'Baja'), ('queue_length_lbl', 'Extensa'), ('vehicle_count_lbl', 'Medio'), ('average_speed_lbl', 'Alta')], clase_objetivo='Corta', variable_objetivo='green_light_duration', confianza=0.26887661141804786, cobertura=146, soporte=0.0007156862745098039, lift=np.float64(0.7289049810538301), t=543)",traffic_density=Baja Y queue_length=Extensa Y vehicle_count=Medio Y average_speed=Alta,False
Corta,green_light_duration,0.268222,1299,0.006368,0.7271,4843,"ReglaPRISM(antecedente=[('traffic_density_lbl', 'Baja'), ('queue_length_lbl', 'Moderada'), ('vehicle_count_lbl', 'Medio'), ('average_speed_lbl', 'Alta')], clase_objetivo='Corta', variable_objetivo='green_light_duration', confianza=0.2682221763369812, cobertura=1299, soporte=0.006367647058823529, lift=np.float64(0.7271308550417159), t=4843)",traffic_density=Baja Y queue_length=Moderada Y vehicle_count=Medio Y average_speed=Alta,False
Corta,green_light_duration,0.246697,1251,0.006132,0.6688,5071,"ReglaPRISM(antecedente=[('traffic_density_lbl', 'Baja'), ('queue_length_lbl', 'Corta'), ('vehicle_count_lbl', 'Medio'), ('average_speed_lbl', 'Alta')], clase_objetivo='Corta', variable_objetivo='green_light_duration', confianza=0.24669690396371524, cobertura=1251, soporte=0.006132352941176471, lift=np.float64(0.6687774037367996), t=5071)",traffic_density=Baja Y queue_length=Corta Y vehicle_count=Medio Y average_speed=Alta,False
Corta,green_light_duration,0.131439,1041,0.005103,0.3563,7920,"ReglaPRISM(antecedente=[('average_speed_lbl', 'Media'), ('vehicle_count_lbl', 'Medio'), ('queue_length_lbl', 'Corta'), ('traffic_density_lbl', 'Moderada')], clase_objetivo='Corta', variable_objetivo='green_light_duration', confianza=0.13143939393939394, cobertura=1041, soporte=0.005102941176470588, lift=np.float64(0.35632265835186727), t=7920)",average_speed=Media Y vehicle_count=Medio Y queue_length=Corta Y traffic_density=Moderada,False
Corta,green_light_duration,0.126293,977,0.004789,0.3424,7736,"ReglaPRISM(antecedente=[('traffic_density_lbl', 'Moderada'), ('average_speed_lbl', 'Media'), ('vehicle_count_lbl', 'Medio'), ('queue_length_lbl', 'Moderada')], clase_objetivo='Corta', variable_objetivo='green_light_duration', confianza=0.12629265770423992, cobertura=977, soporte=0.00478921568627451, lift=np.float64(0.3423702299194023), t=7736)",traffic_density=Moderada Y average_speed=Media Y vehicle_count=Medio Y queue_length=Moderada,False
Corta,green_light_duration,0.119907,103,0.000505,0.3251,859,"ReglaPRISM(antecedente=[('traffic_density_lbl', 'Moderada'), ('queue_length_lbl', 'Extensa'), ('average_speed_lbl', 'Media'), ('vehicle_count_lbl', 'Medio')], clase_objetivo='Corta', variable_objetivo='green_light_duration', confianza=0.119906868451688, cobertura=103, soporte=0.0005049019607843137, lift=np.float64(0.3250588186754243), t=859)",traffic_density=Moderada Y queue_length=Extensa Y average_speed=Media Y vehicle_count=Medio,False
Corta,green_light_duration,0.069307,105,0.000515,0.1879,1515,"ReglaPRISM(antecedente=[('average_speed_lbl', 'Alta'), ('vehicle_count_lbl', 'Medio'), ('queue_length_lbl', 'Extensa'), ('traffic_density_lbl', 'Moderada')], clase_objetivo='Corta', variable_objetivo='green_light_duration', confianza=0.06930693069306931, cobertura=105, soporte=0.0005147058823529412, lift=np.float64(0.18788605947277964), t=1515)",average_speed=Alta Y vehicle_count=Medio Y queue_length=Extensa Y traffic_density=Moderada,False
Corta,green_light_duration,0.063454,836,0.004098,0.172,13175,"ReglaPRISM(antecedente=[('average_speed_lbl', 'Alta'), ('vehicle_count_lbl', 'Medio'), ('queue_length_lbl', 'Moderada'), ('traffic_density_lbl', 'Moderada')], clase_objetivo='Corta', variable_objetivo='green_light_duration', confianza=0.06345351043643263, cobertura=836, soporte=0.004098039215686275, lift=np.float64(0.17201786194246266), t=13175)",average_speed=Alta Y vehicle_count=Medio Y queue_length=Moderada Y traffic_density=Moderada,False
Corta,green_light_duration,0.062235,867,0.00425,0.1687,13931,"ReglaPRISM(antecedente=[('average_speed_lbl', 'Alta'), ('vehicle_count_lbl', 'Medio'), ('traffic_density_lbl', 'Moderada'), ('queue_length_lbl', 'Corta')], clase_objetivo='Corta', variable_objetivo='green_light_duration', confianza=0.06223530256263011, cobertura=867, soporte=0.00425, lift=np.float64(0.16871538880249487), t=13931)",average_speed=Alta Y vehicle_count=Medio Y traffic_density=Moderada Y queue_length=Corta,False
Corta,green_light_duration,0.041789,128,0.000627,0.1133,3063,"ReglaPRISM(antecedente=[('traffic_density_lbl', 'Moderada'), ('vehicle_count_lbl', 'Medio'), ('queue_length_lbl', 'Corta'), ('average_speed_lbl', 'Baja')], clase_objetivo='Corta', variable_objetivo='green_light_duration', confianza=0.04178909565785178, cobertura=128, soporte=0.0006274509803921569, lift=np.float64(0.11328720567436662), t=3063)",traffic_density=Moderada Y vehicle_count=Medio Y queue_length=Corta Y average_speed=Baja,False
Larga,green_light_duration,1.0,1679,0.00823,3.1567,1679,"ReglaPRISM(antecedente=[('vehicle_count_lbl', 'Alto'), ('average_speed_lbl', 'Alta'), ('traffic_density_lbl', 'Alta')], clase_objetivo='Larga', variable_objetivo='green_light_duration', confianza=1.0, cobertura=1679, soporte=0.008230392156862745, lift=np.float64(3.156673114119923), t=1679)",vehicle_count=Alto Y average_speed=Alta Y traffic_density=Alta,True
Larga,green_light_duration,1.0,8864,0.043451,3.1567,8864,"ReglaPRISM(antecedente=[('vehicle_count_lbl', 'Alto'), ('traffic_density_lbl', 'Alta'), ('average_speed_lbl', 'Media')], clase_objetivo='Larga', variable_objetivo='green_light_duration', confianza=1.0, cobertura=8864, soporte=0.04345098039215686, lift=np.float64(3.156673114119923), t=8864)",vehicle_count=Alto Y traffic_density=Alta Y average_speed=Media,True
Larga,green_light_duration,1.0,71,0.000348,3.1567,71,"ReglaPRISM(antecedente=[('vehicle_count_lbl', 'Alto'), ('traffic_density_lbl', 'Alta'), ('queue_length_lbl', 'Moderada')], clase_objetivo='Larga', variable_objetivo='green_light_duration', confianza=1.0, cobertura=71, soporte=0.0003480392156862745, lift=np.float64(3.156673114119923), t=71)",vehicle_count=Alto Y traffic_density=Alta Y queue_length=Moderada,True
Larga,green_light_duration,1.0,12,5.9e-05,3.1567,12,"ReglaPRISM(antecedente=[('vehicle_count_lbl', 'Alto'), ('traffic_density_lbl', 'Alta'), ('queue_length_lbl', 'Corta')], clase_objetivo='Larga', variable_objetivo='green_light_duration', confianza=1.0, cobertura=12, soporte=5.882352941176471e-05, lift=np.float64(3.156673114119923), t=12)",vehicle_count=Alto Y traffic_density=Alta Y queue_length=Corta,True
Larga,green_light_duration,0.990014,1388,0.006804,3.1252,1402,"ReglaPRISM(antecedente=[('vehicle_count_lbl', 'Alto'), ('average_speed_lbl', 'Alta'), ('queue_length_lbl', 'Moderada'), ('traffic_density_lbl', 'Moderada')], clase_objetivo='Larga', variable_objetivo='green_light_duration', confianza=0.9900142653352354, cobertura=1388, soporte=0.006803921568627451, lift=np.float64(3.125151413978925), t=1402)",vehicle_count=Alto Y average_speed=Alta Y queue_length=Moderada Y traffic_density=Moderada,True
Larga,green_light_duration,0.986591,1398,0.006853,3.1143,1417,"ReglaPRISM(antecedente=[('vehicle_count_lbl', 'Alto'), ('average_speed_lbl', 'Alta'), ('queue_length_lbl', 'Corta'), ('traffic_density_lbl', 'Moderada')], clase_objetivo='Larga', variable_objetivo='green_light_duration', confianza=0.9865913902611151, cobertura=1398, soporte=0.0068529411764705886, lift=np.float64(3.114346516259458), t=1417)",vehicle_count=Alto Y average_speed=Alta Y queue_length=Corta Y traffic_density=Moderada,True
Larga,green_light_duration,0.985075,198,0.000971,3.1096,201,"ReglaPRISM(antecedente=[('vehicle_count_lbl', 'Alto'), ('average_speed_lbl', 'Alta'), ('traffic_density_lbl', 'Moderada'), ('queue_length_lbl', 'Extensa')], clase_objetivo='Larga', variable_objetivo='green_light_duration', confianza=0.9850746268656716, cobertura=198, soporte=0.0009705882352941176, lift=np.float64(3.1095585900285805), t=201)",vehicle_count=Alto Y average_speed=Alta Y traffic_density=Moderada Y queue_length=Extensa,True
Larga,green_light_duration,0.960706,50317,0.246652,3.0326,52375,"ReglaPRISM(antecedente=[('vehicle_count_lbl', 'Alto'), ('traffic_density_lbl', 'Alta'), ('queue_length_lbl', 'Extensa'), ('average_speed_lbl', 'Baja')], clase_objetivo='Larga', variable_objetivo='green_light_duration', confianza=0.9607064439140811, cobertura=50317, soporte=0.24665196078431373, lift=np.float64(3.0326362020653392), t=52375)",vehicle_count=Alto Y traffic_density=Alta Y queue_length=Extensa Y average_speed=Baja,True
Larga,green_light_duration,0.615385,8,3.9e-05,1.9426,13,"ReglaPRISM(antecedente=[('vehicle_count_lbl', 'Alto'), ('average_speed_lbl', 'Baja'), ('queue_length_lbl', 'Moderada'), ('traffic_density_lbl', 'Moderada')], clase_objetivo='Larga', variable_objetivo='green_light_duration', confianza=0.6153846153846154, cobertura=8, soporte=3.9215686274509805e-05, lift=np.float64(1.9425680702276449), t=13)",vehicle_count=Alto Y average_speed=Baja Y queue_length=Moderada Y traffic_density=Moderada,True
Larga,green_light_duration,0.566116,137,0.000672,1.787,242,"ReglaPRISM(antecedente=[('vehicle_count_lbl', 'Alto'), ('queue_length_lbl', 'Extensa'), ('average_speed_lbl', 'Media'), ('traffic_density_lbl', 'Moderada')], clase_objetivo='Larga', variable_objetivo='green_light_duration', confianza=0.5661157024793388, cobertura=137, soporte=0.0006715686274509804, lift=np.float64(1.7870422174976421), t=242)",vehicle_count=Alto Y queue_length=Extensa Y average_speed=Media Y traffic_density=Moderada,False
Larga,green_light_duration,0.547619,69,0.000338,1.7287,126,"ReglaPRISM(antecedente=[('vehicle_count_lbl', 'Alto'), ('queue_length_lbl', 'Extensa'), ('traffic_density_lbl', 'Moderada'), ('average_speed_lbl', 'Baja')], clase_objetivo='Larga', variable_objetivo='green_light_duration', confianza=0.5476190476190477, cobertura=69, soporte=0.00033823529411764706, lift=np.float64(1.7286543243990056), t=126)",vehicle_count=Alto Y queue_length=Extensa Y traffic_density=Moderada Y average_speed=Baja,False
Larga,green_light_duration,0.329531,260,0.001275,1.0402,789,"ReglaPRISM(antecedente=[('vehicle_count_lbl', 'Alto'), ('queue_length_lbl', 'Corta'), ('average_speed_lbl', 'Media'), ('traffic_density_lbl', 'Moderada')], clase_objetivo='Larga', variable_objetivo='green_light_duration', confianza=0.32953105196451205, cobertura=260, soporte=0.0012745098039215687, lift=np.float64(1.0402218120040303), t=789)",vehicle_count=Alto Y queue_length=Corta Y average_speed=Media Y traffic_density=Moderada,False
Larga,green_light_duration,0.288687,222,0.001088,0.9113,769,"ReglaPRISM(antecedente=[('vehicle_count_lbl', 'Alto'), ('queue_length_lbl', 'Moderada'), ('traffic_density_lbl', 'Moderada'), ('average_speed_lbl', 'Media')], clase_objetivo='Larga', variable_objetivo='green_light_duration', confianza=0.2886866059817945, cobertura=222, soporte=0.001088235294117647, lift=np.float64(0.9112892475092624), t=769)",vehicle_count=Alto Y queue_length=Moderada Y traffic_density=Moderada Y average_speed=Media,False
Media,green_light_duration,1.0,4999,0.024505,3.1813,4999,"ReglaPRISM(antecedente=[('vehicle_count_lbl', 'Medio'), ('traffic_density_lbl', 'Alta')], clase_objetivo='Media', variable_objetivo='green_light_duration', confianza=1.0, cobertura=4999, soporte=0.024504901960784312, lift=np.float64(3.1813361611876987), t=4999)",vehicle_count=Medio Y traffic_density=Alta,True
Media,green_light_duration,0.988565,951,0.004662,3.145,962,"ReglaPRISM(antecedente=[('vehicle_count_lbl', 'Medio'), ('average_speed_lbl', 'Baja'), ('queue_length_lbl', 'Extensa'), ('traffic_density_lbl', 'Moderada')], clase_objetivo='Media', variable_objetivo='green_light_duration', confianza=0.9885654885654885, cobertura=951, soporte=0.004661764705882353, lift=np.float64(3.144959136475573), t=962)",vehicle_count=Medio Y average_speed=Baja Y queue_length=Extensa Y traffic_density=Moderada,True
Media,green_light_duration,0.959003,2924,0.014333,3.0509,3049,"ReglaPRISM(antecedente=[('vehicle_count_lbl', 'Medio'), ('average_speed_lbl', 'Baja'), ('queue_length_lbl', 'Moderada'), ('traffic_density_lbl', 'Moderada')], clase_objetivo='Media', variable_objetivo='green_light_duration', confianza=0.9590029517874713, cobertura=2924, soporte=0.014333333333333333, lift=np.float64(3.0509107692072255), t=3049)",vehicle_count=Medio Y average_speed=Baja Y queue_length=Moderada Y traffic_density=Moderada,True
Media,green_light_duration,0.958211,2935,0.014387,3.0484,3063,"ReglaPRISM(antecedente=[('vehicle_count_lbl', 'Medio'), ('average_speed_lbl', 'Baja'), ('traffic_density_lbl', 'Moderada'), ('queue_length_lbl', 'Corta')], clase_objetivo='Media', variable_objetivo='green_light_duration', confianza=0.9582109043421482, cobertura=2935, soporte=0.014387254901960784, lift=np.float64(3.048391000028043), t=3063)",vehicle_count=Medio Y average_speed=Baja Y traffic_density=Moderada Y queue_length=Corta,True
Media,green_light_duration,0.937765,13064,0.064039,2.9833,13931,"ReglaPRISM(antecedente=[('vehicle_count_lbl', 'Medio'), ('traffic_density_lbl', 'Moderada'), ('average_speed_lbl', 'Alta'), ('queue_length_lbl', 'Corta')], clase_objetivo='Media', variable_objetivo='green_light_duration', confianza=0.9377646974373699, cobertura=13064, soporte=0.0640392156862745, lift=np.float64(2.983344742642746), t=13931)",vehicle_count=Medio Y traffic_density=Moderada Y average_speed=Alta Y queue_length=Corta,True
Media,green_light_duration,0.936546,12339,0.060485,2.9795,13175,"ReglaPRISM(antecedente=[('vehicle_count_lbl', 'Medio'), ('traffic_density_lbl', 'Moderada'), ('average_speed_lbl', 'Alta'), ('queue_length_lbl', 'Moderada')], clase_objetivo='Media', variable_objetivo='green_light_duration', confianza=0.9365464895635673, cobertura=12339, soporte=0.06048529411764706, lift=np.float64(2.9794692138819743), t=13175)",vehicle_count=Medio Y traffic_density=Moderada Y average_speed=Alta Y queue_length=Moderada,True
Media,green_light_duration,0.930693,1410,0.006912,2.9608,1515,"ReglaPRISM(antecedente=[('vehicle_count_lbl', 'Medio'), ('queue_length_lbl', 'Extensa'), ('traffic_density_lbl', 'Moderada'), ('average_speed_lbl', 'Alta')], clase_objetivo='Media', variable_objetivo='green_light_duration', confianza=0.9306930693069307, cobertura=1410, soporte=0.006911764705882353, lift=np.float64(2.9608475163529078), t=1515)",vehicle_count=Medio Y queue_length=Extensa Y traffic_density=Moderada Y average_speed=Alta,True
Media,green_light_duration,0.880093,756,0.003706,2.7999,859,"ReglaPRISM(antecedente=[('vehicle_count_lbl', 'Medio'), ('traffic_density_lbl', 'Moderada'), ('queue_length_lbl', 'Extensa'), ('average_speed_lbl', 'Media')], clase_objetivo='Media', variable_objetivo='green_light_duration', confianza=0.880093131548312, cobertura=756, soporte=0.0037058823529411765, lift=np.float64(2.799872104607567), t=859)",vehicle_count=Medio Y traffic_density=Moderada Y queue_length=Extensa Y average_speed=Media,True
Media,green_light_duration,0.873707,6759,0.033132,2.7796,7736,"ReglaPRISM(antecedente=[('vehicle_count_lbl', 'Medio'), ('traffic_density_lbl', 'Moderada'), ('queue_length_lbl', 'Moderada'), ('average_speed_lbl', 'Media')], clase_objetivo='Media', variable_objetivo='green_light_duration', confianza=0.8737073422957601, cobertura=6759, soporte=0.033132352941176474, lift=np.float64(2.7795567623407), t=7736)",vehicle_count=Medio Y traffic_density=Moderada Y queue_length=Moderada Y average_speed=Media,True
Media,green_light_duration,0.868561,6879,0.033721,2.7632,7920,"ReglaPRISM(antecedente=[('vehicle_count_lbl', 'Medio'), ('traffic_density_lbl', 'Moderada'), ('queue_length_lbl', 'Corta'), ('average_speed_lbl', 'Media')], clase_objetivo='Media', variable_objetivo='green_light_duration', confianza=0.868560606060606, cobertura=6879, soporte=0.03372058823529412, lift=np.float64(2.7631832642437093), t=7920)",vehicle_count=Medio Y traffic_density=Moderada Y queue_length=Corta Y average_speed=Media,True
Media,green_light_duration,0.8,8,3.9e-05,2.5451,10,"ReglaPRISM(antecedente=[('average_speed_lbl', 'Baja'), ('traffic_density_lbl', 'Moderada'), ('vehicle_count_lbl', 'Alto'), ('queue_length_lbl', 'Corta')], clase_objetivo='Media', variable_objetivo='green_light_duration', confianza=0.8, cobertura=8, soporte=3.9215686274509805e-05, lift=np.float64(2.545068928950159), t=10)",average_speed=Baja Y traffic_density=Moderada Y vehicle_count=Alto Y queue_length=Corta,True
Media,green_light_duration,0.753303,3820,0.018725,2.3965,5071,"ReglaPRISM(antecedente=[('vehicle_count_lbl', 'Medio'), ('average_speed_lbl', 'Alta'), ('queue_length_lbl', 'Corta'), ('traffic_density_lbl', 'Baja')], clase_objetivo='Media', variable_objetivo='green_light_duration', confianza=0.7533030960362848, cobertura=3820, soporte=0.018725490196078432, lift=np.float64(2.3965103797548823), t=5071)",vehicle_count=Medio Y average_speed=Alta Y queue_length=Corta Y traffic_density=Baja,True
Media,green_light_duration,0.731778,3544,0.017373,2.328,4843,"ReglaPRISM(antecedente=[('vehicle_count_lbl', 'Medio'), ('average_speed_lbl', 'Alta'), ('queue_length_lbl', 'Moderada'), ('traffic_density_lbl', 'Baja')], clase_objetivo='Media', variable_objetivo='green_light_duration', confianza=0.7317778236630188, cobertura=3544, soporte=0.017372549019607844, lift=np.float64(2.3280312523743967), t=4843)",vehicle_count=Medio Y average_speed=Alta Y queue_length=Moderada Y traffic_density=Baja,True
Media,green_light_duration,0.731123,397,0.001946,2.3259,543,"ReglaPRISM(antecedente=[('vehicle_count_lbl', 'Medio'), ('average_speed_lbl', 'Alta'), ('traffic_density_lbl', 'Baja'), ('queue_length_lbl', 'Extensa')], clase_objetivo='Media', variable_objetivo='green_light_duration', confianza=0.7311233885819521, cobertura=397, soporte=0.001946078431372549, lift=np.float64(2.3259492743858496), t=543)",vehicle_count=Medio Y average_speed=Alta Y traffic_density=Baja Y queue_length=Extensa,True
Media,green_light_duration,0.711313,547,0.002681,2.2629,769,"ReglaPRISM(antecedente=[('traffic_density_lbl', 'Moderada'), ('vehicle_count_lbl', 'Alto'), ('average_speed_lbl', 'Media'), ('queue_length_lbl', 'Moderada')], clase_objetivo='Media', variable_objetivo='green_light_duration', confianza=0.7113133940182055, cobertura=547, soporte=0.002681372549019608, lift=np.float64(2.2629270223272706), t=769)",traffic_density=Moderada Y vehicle_count=Alto Y average_speed=Media Y queue_length=Moderada,True
Media,green_light_duration,0.670469,529,0.002593,2.133,789,"ReglaPRISM(antecedente=[('traffic_density_lbl', 'Moderada'), ('vehicle_count_lbl', 'Alto'), ('average_speed_lbl', 'Media'), ('queue_length_lbl', 'Corta')], clase_objetivo='Media', variable_objetivo='green_light_duration', confianza=0.670468948035488, cobertura=529, soporte=0.0025931372549019608, lift=np.float64(2.132987109338774), t=789)",traffic_density=Moderada Y vehicle_count=Alto Y average_speed=Media Y queue_length=Corta,True
Media,green_light_duration,0.666667,2,1e-05,2.1209,3,"ReglaPRISM(antecedente=[('average_speed_lbl', 'Baja'), ('vehicle_count_lbl', 'Medio'), ('traffic_density_lbl', 'Baja'), ('queue_length_lbl', 'Extensa')], clase_objetivo='Media', variable_objetivo='green_light_duration', confianza=0.6666666666666666, cobertura=2, soporte=9.803921568627451e-06, lift=np.float64(2.120890774125132), t=3)",average_speed=Baja Y vehicle_count=Medio Y traffic_density=Baja Y queue_length=Extensa,True
Media,green_light_duration,0.452381,57,0.000279,1.4392,126,"ReglaPRISM(antecedente=[('average_speed_lbl', 'Baja'), ('traffic_density_lbl', 'Moderada'), ('vehicle_count_lbl', 'Alto'), ('queue_length_lbl', 'Extensa')], clase_objetivo='Media', variable_objetivo='green_light_duration', confianza=0.4523809523809524, cobertura=57, soporte=0.00027941176470588236, lift=np.float64(1.4391758824420542), t=126)",average_speed=Baja Y traffic_density=Moderada Y vehicle_count=Alto Y queue_length=Extensa,False
Media,green_light_duration,0.384615,5,2.5e-05,1.2236,13,"ReglaPRISM(antecedente=[('average_speed_lbl', 'Baja'), ('vehicle_count_lbl', 'Alto'), ('traffic_density_lbl', 'Moderada'), ('queue_length_lbl', 'Moderada')], clase_objetivo='Media', variable_objetivo='green_light_duration', confianza=0.38461538461538464, cobertura=5, soporte=2.4509803921568626e-05, lift=np.float64(1.223590831226038), t=13)",average_speed=Baja Y vehicle_count=Alto Y traffic_density=Moderada Y queue_length=Moderada,False
Media,green_light_duration,0.039294,2058,0.010088,0.125,52375,"ReglaPRISM(antecedente=[('average_speed_lbl', 'Baja'), ('traffic_density_lbl', 'Alta'), ('queue_length_lbl', 'Extensa'), ('vehicle_count_lbl', 'Alto')], clase_objetivo='Media', variable_objetivo='green_light_duration', confianza=0.039293556085918856, cobertura=2058, soporte=0.010088235294117648, lift=np.float64(0.12500601087779062), t=52375)",average_speed=Baja Y traffic_density=Alta Y queue_length=Extensa Y vehicle_count=Alto,False
Extender,signal_cycle_adjustment,1.0,526,0.002578,3.9541,526,"ReglaPRISM(antecedente=[('vehicle_count_lbl', 'Alto'), ('traffic_density_lbl', 'Alta'), ('average_speed_lbl', 'Alta'), ('queue_length_lbl', 'Corta')], clase_objetivo='Extender', variable_objetivo='signal_cycle_adjustment', confianza=1.0, cobertura=526, soporte=0.00257843137254902, lift=np.float64(3.954101411071484), t=526)",vehicle_count=Alto Y traffic_density=Alta Y average_speed=Alta Y queue_length=Corta,True
Extender,signal_cycle_adjustment,1.0,243,0.001191,3.9541,243,"ReglaPRISM(antecedente=[('vehicle_count_lbl', 'Alto'), ('traffic_density_lbl', 'Alta'), ('average_speed_lbl', 'Alta'), ('queue_length_lbl', 'Extensa')], clase_objetivo='Extender', variable_objetivo='signal_cycle_adjustment', confianza=1.0, cobertura=243, soporte=0.0011911764705882352, lift=np.float64(3.954101411071484), t=243)",vehicle_count=Alto Y traffic_density=Alta Y average_speed=Alta Y queue_length=Extensa,True
Extender,signal_cycle_adjustment,1.0,12,5.9e-05,3.9541,12,"ReglaPRISM(antecedente=[('vehicle_count_lbl', 'Alto'), ('traffic_density_lbl', 'Alta'), ('average_speed_lbl', 'Baja'), ('queue_length_lbl', 'Corta')], clase_objetivo='Extender', variable_objetivo='signal_cycle_adjustment', confianza=1.0, cobertura=12, soporte=5.882352941176471e-05, lift=np.float64(3.954101411071484), t=12)",vehicle_count=Alto Y traffic_density=Alta Y average_speed=Baja Y queue_length=Corta,True
Extender,signal_cycle_adjustment,0.998901,909,0.004456,3.9498,910,"ReglaPRISM(antecedente=[('vehicle_count_lbl', 'Alto'), ('traffic_density_lbl', 'Alta'), ('average_speed_lbl', 'Alta'), ('queue_length_lbl', 'Moderada')], clase_objetivo='Extender', variable_objetivo='signal_cycle_adjustment', confianza=0.9989010989010989, cobertura=909, soporte=0.004455882352941177, lift=np.float64(3.9497562446856915), t=910)",vehicle_count=Alto Y traffic_density=Alta Y average_speed=Alta Y queue_length=Moderada,True
Extender,signal_cycle_adjustment,0.991315,5935,0.029093,3.9198,5987,"ReglaPRISM(antecedente=[('vehicle_count_lbl', 'Alto'), ('traffic_density_lbl', 'Alta'), ('average_speed_lbl', 'Media'), ('queue_length_lbl', 'Extensa')], clase_objetivo='Extender', variable_objetivo='signal_cycle_adjustment', confianza=0.9913145147820277, cobertura=5935, soporte=0.029093137254901962, lift=np.float64(3.9197581217152595), t=5987)",vehicle_count=Alto Y traffic_density=Alta Y average_speed=Media Y queue_length=Extensa,True
Extender,signal_cycle_adjustment,0.901408,64,0.000314,3.5643,71,"ReglaPRISM(antecedente=[('vehicle_count_lbl', 'Alto'), ('traffic_density_lbl', 'Alta'), ('queue_length_lbl', 'Moderada'), ('average_speed_lbl', 'Baja')], clase_objetivo='Extender', variable_objetivo='signal_cycle_adjustment', confianza=0.9014084507042254, cobertura=64, soporte=0.00031372549019607844, lift=np.float64(3.564260426881338), t=71)",vehicle_count=Alto Y traffic_density=Alta Y queue_length=Moderada Y average_speed=Baja,True
Extender,signal_cycle_adjustment,0.849891,1557,0.007632,3.3606,1832,"ReglaPRISM(antecedente=[('vehicle_count_lbl', 'Alto'), ('traffic_density_lbl', 'Alta'), ('queue_length_lbl', 'Moderada'), ('average_speed_lbl', 'Media')], clase_objetivo='Extender', variable_objetivo='signal_cycle_adjustment', confianza=0.8498908296943232, cobertura=1557, soporte=0.00763235294117647, lift=np.float64(3.3605545289510377), t=1832)",vehicle_count=Alto Y traffic_density=Alta Y queue_length=Moderada Y average_speed=Media,True
Extender,signal_cycle_adjustment,0.765193,40077,0.196456,3.0257,52375,"ReglaPRISM(antecedente=[('vehicle_count_lbl', 'Alto'), ('traffic_density_lbl', 'Alta'), ('queue_length_lbl', 'Extensa'), ('average_speed_lbl', 'Baja')], clase_objetivo='Extender', variable_objetivo='signal_cycle_adjustment', confianza=0.7651933174224343, cobertura=40077, soporte=0.19645588235294117, lift=np.float64(3.025651976162518), t=52375)",vehicle_count=Alto Y traffic_density=Alta Y queue_length=Extensa Y average_speed=Baja,True
Extender,signal_cycle_adjustment,0.711962,744,0.003647,2.8152,1045,"ReglaPRISM(antecedente=[('vehicle_count_lbl', 'Alto'), ('traffic_density_lbl', 'Alta'), ('queue_length_lbl', 'Corta'), ('average_speed_lbl', 'Media')], clase_objetivo='Extender', variable_objetivo='signal_cycle_adjustment', confianza=0.7119617224880382, cobertura=744, soporte=0.0036470588235294117, lift=np.float64(2.8151688515188367), t=1045)",vehicle_count=Alto Y traffic_density=Alta Y queue_length=Corta Y average_speed=Media,True
Extender,signal_cycle_adjustment,0.572139,115,0.000564,2.2623,201,"ReglaPRISM(antecedente=[('vehicle_count_lbl', 'Alto'), ('average_speed_lbl', 'Alta'), ('queue_length_lbl', 'Extensa'), ('traffic_density_lbl', 'Moderada')], clase_objetivo='Extender', variable_objetivo='signal_cycle_adjustment', confianza=0.572139303482587, cobertura=115, soporte=0.0005637254901960784, lift=np.float64(2.2622968272299535), t=201)",vehicle_count=Alto Y average_speed=Alta Y queue_length=Extensa Y traffic_density=Moderada,False
Extender,signal_cycle_adjustment,0.477889,670,0.003284,1.8896,1402,"ReglaPRISM(antecedente=[('vehicle_count_lbl', 'Alto'), ('average_speed_lbl', 'Alta'), ('queue_length_lbl', 'Moderada'), ('traffic_density_lbl', 'Moderada')], clase_objetivo='Extender', variable_objetivo='signal_cycle_adjustment', confianza=0.47788873038516405, cobertura=670, soporte=0.003284313725490196, lift=np.float64(1.8896205031511373), t=1402)",vehicle_count=Alto Y average_speed=Alta Y queue_length=Moderada Y traffic_density=Moderada,False
Extender,signal_cycle_adjustment,0.46295,656,0.003216,1.8306,1417,"ReglaPRISM(antecedente=[('vehicle_count_lbl', 'Alto'), ('average_speed_lbl', 'Alta'), ('traffic_density_lbl', 'Moderada'), ('queue_length_lbl', 'Corta')], clase_objetivo='Extender', variable_objetivo='signal_cycle_adjustment', confianza=0.4629498941425547, cobertura=656, soporte=0.003215686274509804, lift=np.float64(1.83055082968447), t=1417)",vehicle_count=Alto Y average_speed=Alta Y traffic_density=Moderada Y queue_length=Corta,False
Mantener,signal_cycle_adjustment,1.0,6,2.9e-05,2.9751,6,"ReglaPRISM(antecedente=[('average_speed_lbl', 'Media'), ('vehicle_count_lbl', 'Medio'), ('traffic_density_lbl', 'Alta'), ('queue_length_lbl', 'Extensa')], clase_objetivo='Mantener', variable_objetivo='signal_cycle_adjustment', confianza=1.0, cobertura=6, soporte=2.9411764705882354e-05, lift=np.float64(2.975061980457926), t=6)",average_speed=Media Y vehicle_count=Medio Y traffic_density=Alta Y queue_length=Extensa,True
Mantener,signal_cycle_adjustment,0.977778,44,0.000216,2.9089,45,"ReglaPRISM(antecedente=[('average_speed_lbl', 'Media'), ('vehicle_count_lbl', 'Medio'), ('traffic_density_lbl', 'Alta'), ('queue_length_lbl', 'Corta')], clase_objetivo='Mantener', variable_objetivo='signal_cycle_adjustment', confianza=0.9777777777777777, cobertura=44, soporte=0.00021568627450980392, lift=np.float64(2.9089494920033054), t=45)",average_speed=Media Y vehicle_count=Medio Y traffic_density=Alta Y queue_length=Corta,True
Mantener,signal_cycle_adjustment,0.963331,1261,0.006181,2.866,1309,"ReglaPRISM(antecedente=[('average_speed_lbl', 'Baja'), ('vehicle_count_lbl', 'Medio'), ('traffic_density_lbl', 'Alta'), ('queue_length_lbl', 'Corta')], clase_objetivo='Mantener', variable_objetivo='signal_cycle_adjustment', confianza=0.9633307868601986, cobertura=1261, soporte=0.006181372549019608, lift=np.float64(2.865968798592395), t=1309)",average_speed=Baja Y vehicle_count=Medio Y traffic_density=Alta Y queue_length=Corta,True
Mantener,signal_cycle_adjustment,0.95706,1159,0.005681,2.8473,1211,"ReglaPRISM(antecedente=[('average_speed_lbl', 'Baja'), ('traffic_density_lbl', 'Baja'), ('queue_length_lbl', 'Corta'), ('vehicle_count_lbl', 'Bajo')], clase_objetivo='Mantener', variable_objetivo='signal_cycle_adjustment', confianza=0.9570602807597027, cobertura=1159, soporte=0.005681372549019608, lift=np.float64(2.84731365429458), t=1211)",average_speed=Baja Y traffic_density=Baja Y queue_length=Corta Y vehicle_count=Bajo,True
Mantener,signal_cycle_adjustment,0.950899,2169,0.010632,2.829,2281,"ReglaPRISM(antecedente=[('average_speed_lbl', 'Baja'), ('vehicle_count_lbl', 'Medio'), ('traffic_density_lbl', 'Alta'), ('queue_length_lbl', 'Moderada')], clase_objetivo='Mantener', variable_objetivo='signal_cycle_adjustment', confianza=0.9508987286277948, cobertura=2169, soporte=0.010632352941176471, lift=np.float64(2.8289826548063313), t=2281)",average_speed=Baja Y vehicle_count=Medio Y traffic_density=Alta Y queue_length=Moderada,True
Mantener,signal_cycle_adjustment,0.949242,1253,0.006142,2.8241,1320,"ReglaPRISM(antecedente=[('average_speed_lbl', 'Baja'), ('vehicle_count_lbl', 'Medio'), ('traffic_density_lbl', 'Alta'), ('queue_length_lbl', 'Extensa')], clase_objetivo='Mantener', variable_objetivo='signal_cycle_adjustment', confianza=0.9492424242424242, cobertura=1253, soporte=0.006142156862745098, lift=np.float64(2.8240550466013494), t=1320)",average_speed=Baja Y vehicle_count=Medio Y traffic_density=Alta Y queue_length=Extensa,True
Mantener,signal_cycle_adjustment,0.947368,36,0.000176,2.8185,38,"ReglaPRISM(antecedente=[('average_speed_lbl', 'Media'), ('vehicle_count_lbl', 'Medio'), ('traffic_density_lbl', 'Alta'), ('queue_length_lbl', 'Moderada')], clase_objetivo='Mantener', variable_objetivo='signal_cycle_adjustment', confianza=0.9473684210526315, cobertura=36, soporte=0.00017647058823529413, lift=np.float64(2.8184797709601406), t=38)",average_speed=Media Y vehicle_count=Medio Y traffic_density=Alta Y queue_length=Moderada,True
Mantener,signal_cycle_adjustment,0.945778,1064,0.005216,2.8137,1125,"ReglaPRISM(antecedente=[('average_speed_lbl', 'Baja'), ('traffic_density_lbl', 'Baja'), ('queue_length_lbl', 'Moderada'), ('vehicle_count_lbl', 'Bajo')], clase_objetivo='Mantener', variable_objetivo='signal_cycle_adjustment', confianza=0.9457777777777778, cobertura=1064, soporte=0.0052156862745098035, lift=np.float64(2.8137475086286523), t=1125)",average_speed=Baja Y traffic_density=Baja Y queue_length=Moderada Y vehicle_count=Bajo,True
Mantener,signal_cycle_adjustment,0.923077,132,0.000647,2.7462,143,"ReglaPRISM(antecedente=[('average_speed_lbl', 'Baja'), ('traffic_density_lbl', 'Baja'), ('vehicle_count_lbl', 'Bajo'), ('queue_length_lbl', 'Extensa')], clase_objetivo='Mantener', variable_objetivo='signal_cycle_adjustment', confianza=0.9230769230769231, cobertura=132, soporte=0.0006470588235294118, lift=np.float64(2.74621105888424), t=143)",average_speed=Baja Y traffic_density=Baja Y vehicle_count=Bajo Y queue_length=Extensa,True
Mantener,signal_cycle_adjustment,0.904016,2769,0.013574,2.6895,3063,"ReglaPRISM(antecedente=[('average_speed_lbl', 'Baja'), ('queue_length_lbl', 'Corta'), ('vehicle_count_lbl', 'Medio'), ('traffic_density_lbl', 'Moderada')], clase_objetivo='Mantener', variable_objetivo='signal_cycle_adjustment', confianza=0.9040156709108716, cobertura=2769, soporte=0.013573529411764707, lift=np.float64(2.689502652265099), t=3063)",average_speed=Baja Y queue_length=Corta Y vehicle_count=Medio Y traffic_density=Moderada,True
Mantener,signal_cycle_adjustment,0.902591,2752,0.01349,2.6853,3049,"ReglaPRISM(antecedente=[('average_speed_lbl', 'Baja'), ('queue_length_lbl', 'Moderada'), ('vehicle_count_lbl', 'Medio'), ('traffic_density_lbl', 'Moderada')], clase_objetivo='Mantener', variable_objetivo='signal_cycle_adjustment', confianza=0.9025910134470319, cobertura=2752, soporte=0.013490196078431372, lift=np.float64(2.6852642080092535), t=3049)",average_speed=Baja Y queue_length=Moderada Y vehicle_count=Medio Y traffic_density=Moderada,True
Mantener,signal_cycle_adjustment,0.891928,13370,0.065539,2.6535,14990,"ReglaPRISM(antecedente=[('average_speed_lbl', 'Media'), ('traffic_density_lbl', 'Baja'), ('vehicle_count_lbl', 'Bajo'), ('queue_length_lbl', 'Corta')], clase_objetivo='Mantener', variable_objetivo='signal_cycle_adjustment', confianza=0.8919279519679787, cobertura=13370, soporte=0.06553921568627451, lift=np.float64(2.653540939207637), t=14990)",average_speed=Media Y traffic_density=Baja Y vehicle_count=Bajo Y queue_length=Corta,True
Mantener,signal_cycle_adjustment,0.886987,12746,0.06248,2.6388,14370,"ReglaPRISM(antecedente=[('average_speed_lbl', 'Media'), ('traffic_density_lbl', 'Baja'), ('vehicle_count_lbl', 'Bajo'), ('queue_length_lbl', 'Moderada')], clase_objetivo='Mantener', variable_objetivo='signal_cycle_adjustment', confianza=0.8869867780097426, cobertura=12746, soporte=0.06248039215686275, lift=np.float64(2.6388406404256597), t=14370)",average_speed=Media Y traffic_density=Baja Y vehicle_count=Bajo Y queue_length=Moderada,True
Mantener,signal_cycle_adjustment,0.867583,1389,0.006809,2.5811,1601,"ReglaPRISM(antecedente=[('average_speed_lbl', 'Media'), ('vehicle_count_lbl', 'Bajo'), ('traffic_density_lbl', 'Baja'), ('queue_length_lbl', 'Extensa')], clase_objetivo='Mantener', variable_objetivo='signal_cycle_adjustment', confianza=0.8675827607745159, cobertura=1389, soporte=0.006808823529411765, lift=np.float64(2.5811124864809867), t=1601)",average_speed=Media Y vehicle_count=Bajo Y traffic_density=Baja Y queue_length=Extensa,True
Mantener,signal_cycle_adjustment,0.842105,32,0.000157,2.5053,38,"ReglaPRISM(antecedente=[('average_speed_lbl', 'Baja'), ('vehicle_count_lbl', 'Bajo'), ('queue_length_lbl', 'Extensa'), ('traffic_density_lbl', 'Moderada')], clase_objetivo='Mantener', variable_objetivo='signal_cycle_adjustment', confianza=0.8421052631578947, cobertura=32, soporte=0.00015686274509803922, lift=np.float64(2.5053153519645694), t=38)",average_speed=Baja Y vehicle_count=Bajo Y queue_length=Extensa Y traffic_density=Moderada,True
Mantener,signal_cycle_adjustment,0.795547,393,0.001926,2.3668,494,"ReglaPRISM(antecedente=[('average_speed_lbl', 'Baja'), ('vehicle_count_lbl', 'Bajo'), ('queue_length_lbl', 'Moderada'), ('traffic_density_lbl', 'Moderada')], clase_objetivo='Mantener', variable_objetivo='signal_cycle_adjustment', confianza=0.7955465587044535, cobertura=393, soporte=0.001926470588235294, lift=np.float64(2.3668003204857593), t=494)",average_speed=Baja Y vehicle_count=Bajo Y queue_length=Moderada Y traffic_density=Moderada,True
Mantener,signal_cycle_adjustment,0.784079,3595,0.017623,2.3327,4585,"ReglaPRISM(antecedente=[('average_speed_lbl', 'Media'), ('vehicle_count_lbl', 'Bajo'), ('queue_length_lbl', 'Corta'), ('traffic_density_lbl', 'Moderada')], clase_objetivo='Mantener', variable_objetivo='signal_cycle_adjustment', confianza=0.7840785169029444, cobertura=3595, soporte=0.017622549019607844, lift=np.float64(2.3326821853317874), t=4585)",average_speed=Media Y vehicle_count=Bajo Y queue_length=Corta Y traffic_density=Moderada,True
Mantener,signal_cycle_adjustment,0.778789,3510,0.017206,2.3169,4507,"ReglaPRISM(antecedente=[('average_speed_lbl', 'Media'), ('vehicle_count_lbl', 'Bajo'), ('queue_length_lbl', 'Moderada'), ('traffic_density_lbl', 'Moderada')], clase_objetivo='Mantener', variable_objetivo='signal_cycle_adjustment', confianza=0.778788551142667, cobertura=3510, soporte=0.017205882352941175, lift=np.float64(2.3169442093204617), t=4507)",average_speed=Media Y vehicle_count=Bajo Y queue_length=Moderada Y traffic_density=Moderada,True
Mantener,signal_cycle_adjustment,0.767857,344,0.001686,2.2844,448,"ReglaPRISM(antecedente=[('average_speed_lbl', 'Baja'), ('vehicle_count_lbl', 'Bajo'), ('traffic_density_lbl', 'Moderada'), ('queue_length_lbl', 'Corta')], clase_objetivo='Mantener', variable_objetivo='signal_cycle_adjustment', confianza=0.7678571428571429, cobertura=344, soporte=0.0016862745098039215, lift=np.float64(2.2844225921373362), t=448)",average_speed=Baja Y vehicle_count=Bajo Y traffic_density=Moderada Y queue_length=Corta,True
Mantener,signal_cycle_adjustment,0.764706,403,0.001975,2.275,527,"ReglaPRISM(antecedente=[('average_speed_lbl', 'Media'), ('vehicle_count_lbl', 'Bajo'), ('traffic_density_lbl', 'Moderada'), ('queue_length_lbl', 'Extensa')], clase_objetivo='Mantener', variable_objetivo='signal_cycle_adjustment', confianza=0.7647058823529411, cobertura=403, soporte=0.0019754901960784316, lift=np.float64(2.275047396820767), t=527)",average_speed=Media Y vehicle_count=Bajo Y traffic_density=Moderada Y queue_length=Extensa,True
Mantener,signal_cycle_adjustment,0.696466,670,0.003284,2.072,962,"ReglaPRISM(antecedente=[('average_speed_lbl', 'Baja'), ('vehicle_count_lbl', 'Medio'), ('traffic_density_lbl', 'Moderada'), ('queue_length_lbl', 'Extensa')], clase_objetivo='Mantener', variable_objetivo='signal_cycle_adjustment', confianza=0.6964656964656964, cobertura=670, soporte=0.003284313725490196, lift=np.float64(2.072028614248244), t=962)",average_speed=Baja Y vehicle_count=Medio Y traffic_density=Moderada Y queue_length=Extensa,True
Mantener,signal_cycle_adjustment,0.482828,3824,0.018745,1.4364,7920,"ReglaPRISM(antecedente=[('average_speed_lbl', 'Media'), ('vehicle_count_lbl', 'Medio'), ('queue_length_lbl', 'Corta'), ('traffic_density_lbl', 'Moderada')], clase_objetivo='Mantener', variable_objetivo='signal_cycle_adjustment', confianza=0.48282828282828283, cobertura=3824, soporte=0.018745098039215688, lift=np.float64(1.436444067332211), t=7920)",average_speed=Media Y vehicle_count=Medio Y queue_length=Corta Y traffic_density=Moderada,False
Mantener,signal_cycle_adjustment,0.473807,407,0.001995,1.4096,859,"ReglaPRISM(antecedente=[('average_speed_lbl', 'Media'), ('vehicle_count_lbl', 'Medio'), ('queue_length_lbl', 'Extensa'), ('traffic_density_lbl', 'Moderada')], clase_objetivo='Mantener', variable_objetivo='signal_cycle_adjustment', confianza=0.47380675203725264, cobertura=407, soporte=0.001995098039215686, lift=np.float64(1.4096044540702863), t=859)",average_speed=Media Y vehicle_count=Medio Y queue_length=Extensa Y traffic_density=Moderada,False
Mantener,signal_cycle_adjustment,0.468588,3625,0.01777,1.3941,7736,"ReglaPRISM(antecedente=[('average_speed_lbl', 'Media'), ('vehicle_count_lbl', 'Medio'), ('traffic_density_lbl', 'Moderada'), ('queue_length_lbl', 'Moderada')], clase_objetivo='Mantener', variable_objetivo='signal_cycle_adjustment', confianza=0.46858841778697, cobertura=3625, soporte=0.017769607843137254, lift=np.float64(1.3940795862409492), t=7736)",average_speed=Media Y vehicle_count=Medio Y traffic_density=Moderada Y queue_length=Moderada,False
Mantener,signal_cycle_adjustment,0.221804,11617,0.056946,0.6599,52375,"ReglaPRISM(antecedente=[('average_speed_lbl', 'Baja'), ('traffic_density_lbl', 'Alta'), ('queue_length_lbl', 'Extensa'), ('vehicle_count_lbl', 'Alto')], clase_objetivo='Mantener', variable_objetivo='signal_cycle_adjustment', confianza=0.22180429594272077, cobertura=11617, soporte=0.056946078431372546, lift=np.float64(0.6598815279614269), t=52375)",average_speed=Baja Y traffic_density=Alta Y queue_length=Extensa Y vehicle_count=Alto,False
Reducir,signal_cycle_adjustment,1.0,39078,0.191559,2.4333,39078,"ReglaPRISM(antecedente=[('average_speed_lbl', 'Alta'), ('vehicle_count_lbl', 'Medio')], clase_objetivo='Reducir', variable_objetivo='signal_cycle_adjustment', confianza=1.0, cobertura=39078, soporte=0.19155882352941175, lift=np.float64(2.433264152293709), t=39078)",average_speed=Alta Y vehicle_count=Medio,True
Reducir,signal_cycle_adjustment,1.0,24165,0.118456,2.4333,24165,"ReglaPRISM(antecedente=[('average_speed_lbl', 'Alta'), ('traffic_density_lbl', 'Baja')], clase_objetivo='Reducir', variable_objetivo='signal_cycle_adjustment', confianza=1.0, cobertura=24165, soporte=0.11845588235294117, lift=np.float64(2.433264152293709), t=24165)",average_speed=Alta Y traffic_density=Baja,True
Reducir,signal_cycle_adjustment,1.0,13,6.4e-05,2.4333,13,"ReglaPRISM(antecedente=[('traffic_density_lbl', 'Moderada'), ('vehicle_count_lbl', 'Alto'), ('average_speed_lbl', 'Baja'), ('queue_length_lbl', 'Moderada')], clase_objetivo='Reducir', variable_objetivo='signal_cycle_adjustment', confianza=1.0, cobertura=13, soporte=6.372549019607843e-05, lift=np.float64(2.433264152293709), t=13)",traffic_density=Moderada Y vehicle_count=Alto Y average_speed=Baja Y queue_length=Moderada,True
Reducir,signal_cycle_adjustment,1.0,10,4.9e-05,2.4333,10,"ReglaPRISM(antecedente=[('traffic_density_lbl', 'Moderada'), ('vehicle_count_lbl', 'Alto'), ('average_speed_lbl', 'Baja'), ('queue_length_lbl', 'Corta')], clase_objetivo='Reducir', variable_objetivo='signal_cycle_adjustment', confianza=1.0, cobertura=10, soporte=4.901960784313725e-05, lift=np.float64(2.433264152293709), t=10)",traffic_density=Moderada Y vehicle_count=Alto Y average_speed=Baja Y queue_length=Corta,True
Reducir,signal_cycle_adjustment,1.0,160,0.000784,2.4333,160,"ReglaPRISM(antecedente=[('traffic_density_lbl', 'Baja'), ('vehicle_count_lbl', 'Medio')], clase_objetivo='Reducir', variable_objetivo='signal_cycle_adjustment', confianza=1.0, cobertura=160, soporte=0.000784313725490196, lift=np.float64(2.433264152293709), t=160)",traffic_density=Baja Y vehicle_count=Medio,True
Reducir,signal_cycle_adjustment,0.984395,757,0.003711,2.3953,769,"ReglaPRISM(antecedente=[('traffic_density_lbl', 'Moderada'), ('vehicle_count_lbl', 'Alto'), ('average_speed_lbl', 'Media'), ('queue_length_lbl', 'Moderada')], clase_objetivo='Reducir', variable_objetivo='signal_cycle_adjustment', confianza=0.9843953185955787, cobertura=757, soporte=0.00371078431372549, lift=np.float64(2.3952938404243667), t=769)",traffic_density=Moderada Y vehicle_count=Alto Y average_speed=Media Y queue_length=Moderada,True
Reducir,signal_cycle_adjustment,0.982256,775,0.003799,2.3901,789,"ReglaPRISM(antecedente=[('traffic_density_lbl', 'Moderada'), ('vehicle_count_lbl', 'Alto'), ('average_speed_lbl', 'Media'), ('queue_length_lbl', 'Corta')], clase_objetivo='Reducir', variable_objetivo='signal_cycle_adjustment', confianza=0.982256020278834, cobertura=775, soporte=0.003799019607843137, lift=np.float64(2.3900883625191693), t=789)",traffic_density=Moderada Y vehicle_count=Alto Y average_speed=Media Y queue_length=Corta,True
Reducir,signal_cycle_adjustment,0.904959,219,0.001074,2.202,242,"ReglaPRISM(antecedente=[('traffic_density_lbl', 'Moderada'), ('vehicle_count_lbl', 'Alto'), ('average_speed_lbl', 'Media'), ('queue_length_lbl', 'Extensa')], clase_objetivo='Reducir', variable_objetivo='signal_cycle_adjustment', confianza=0.9049586776859504, cobertura=219, soporte=0.0010735294117647058, lift=np.float64(2.20200350972034), t=242)",traffic_density=Moderada Y vehicle_count=Alto Y average_speed=Media Y queue_length=Extensa,True
Reducir,signal_cycle_adjustment,0.722222,91,0.000446,1.7574,126,"ReglaPRISM(antecedente=[('traffic_density_lbl', 'Moderada'), ('vehicle_count_lbl', 'Alto'), ('average_speed_lbl', 'Baja'), ('queue_length_lbl', 'Extensa')], clase_objetivo='Reducir', variable_objetivo='signal_cycle_adjustment', confianza=0.7222222222222222, cobertura=91, soporte=0.00044607843137254904, lift=np.float64(1.7573574433232344), t=126)",traffic_density=Moderada Y vehicle_count=Alto Y average_speed=Baja Y queue_length=Extensa,True
Reducir,signal_cycle_adjustment,0.53705,761,0.00373,1.3068,1417,"ReglaPRISM(antecedente=[('traffic_density_lbl', 'Moderada'), ('vehicle_count_lbl', 'Alto'), ('queue_length_lbl', 'Corta'), ('average_speed_lbl', 'Alta')], clase_objetivo='Reducir', variable_objetivo='signal_cycle_adjustment', confianza=0.5370501058574453, cobertura=761, soporte=0.003730392156862745, lift=np.float64(1.3067847705684634), t=1417)",traffic_density=Moderada Y vehicle_count=Alto Y queue_length=Corta Y average_speed=Alta,False
Reducir,signal_cycle_adjustment,0.531412,4111,0.020152,1.2931,7736,"ReglaPRISM(antecedente=[('traffic_density_lbl', 'Moderada'), ('average_speed_lbl', 'Media'), ('vehicle_count_lbl', 'Medio'), ('queue_length_lbl', 'Moderada')], clase_objetivo='Reducir', variable_objetivo='signal_cycle_adjustment', confianza=0.53141158221303, cobertura=4111, soporte=0.020151960784313725, lift=np.float64(1.2930647531126471), t=7736)",traffic_density=Moderada Y average_speed=Media Y vehicle_count=Medio Y queue_length=Moderada,False
Reducir,signal_cycle_adjustment,0.526193,452,0.002216,1.2804,859,"ReglaPRISM(antecedente=[('traffic_density_lbl', 'Moderada'), ('queue_length_lbl', 'Extensa'), ('average_speed_lbl', 'Media'), ('vehicle_count_lbl', 'Medio')], clase_objetivo='Reducir', variable_objetivo='signal_cycle_adjustment', confianza=0.5261932479627474, cobertura=452, soporte=0.002215686274509804, lift=np.float64(1.2803671674467478), t=859)",traffic_density=Moderada Y queue_length=Extensa Y average_speed=Media Y vehicle_count=Medio,False
Reducir,signal_cycle_adjustment,0.522111,732,0.003588,1.2704,1402,"ReglaPRISM(antecedente=[('traffic_density_lbl', 'Moderada'), ('vehicle_count_lbl', 'Alto'), ('queue_length_lbl', 'Moderada'), ('average_speed_lbl', 'Alta')], clase_objetivo='Reducir', variable_objetivo='signal_cycle_adjustment', confianza=0.5221112696148359, cobertura=732, soporte=0.003588235294117647, lift=np.float64(1.270434635862336), t=1402)",traffic_density=Moderada Y vehicle_count=Alto Y queue_length=Moderada Y average_speed=Alta,False
Reducir,signal_cycle_adjustment,0.517172,4096,0.020078,1.2584,7920,"ReglaPRISM(antecedente=[('traffic_density_lbl', 'Moderada'), ('average_speed_lbl', 'Media'), ('vehicle_count_lbl', 'Medio'), ('queue_length_lbl', 'Corta')], clase_objetivo='Reducir', variable_objetivo='signal_cycle_adjustment', confianza=0.5171717171717172, cobertura=4096, soporte=0.02007843137254902, lift=np.float64(1.2584153999741203), t=7920)",traffic_density=Moderada Y average_speed=Media Y vehicle_count=Medio Y queue_length=Corta,False
Reducir,signal_cycle_adjustment,0.427861,86,0.000422,1.0411,201,"ReglaPRISM(antecedente=[('traffic_density_lbl', 'Moderada'), ('vehicle_count_lbl', 'Alto'), ('queue_length_lbl', 'Extensa'), ('average_speed_lbl', 'Alta')], clase_objetivo='Reducir', variable_objetivo='signal_cycle_adjustment', confianza=0.42786069651741293, cobertura=86, soporte=0.0004215686274509804, lift=np.float64(1.0410980950112387), t=201)",traffic_density=Moderada Y vehicle_count=Alto Y queue_length=Extensa Y average_speed=Alta,False
Reducir,signal_cycle_adjustment,0.303534,292,0.001431,0.7386,962,"ReglaPRISM(antecedente=[('traffic_density_lbl', 'Moderada'), ('queue_length_lbl', 'Extensa'), ('vehicle_count_lbl', 'Medio'), ('average_speed_lbl', 'Baja')], clase_objetivo='Reducir', variable_objetivo='signal_cycle_adjustment', confianza=0.30353430353430355, cobertura=292, soporte=0.0014313725490196078, lift=np.float64(0.7385791397814585), t=962)",traffic_density=Moderada Y queue_length=Extensa Y vehicle_count=Medio Y average_speed=Baja,False
Reducir,signal_cycle_adjustment,0.288038,301,0.001475,0.7009,1045,"ReglaPRISM(antecedente=[('queue_length_lbl', 'Corta'), ('vehicle_count_lbl', 'Alto'), ('average_speed_lbl', 'Media'), ('traffic_density_lbl', 'Alta')], clase_objetivo='Reducir', variable_objetivo='signal_cycle_adjustment', confianza=0.2880382775119617, cobertura=301, soporte=0.0014754901960784314, lift=np.float64(0.7008732151582836), t=1045)",queue_length=Corta Y vehicle_count=Alto Y average_speed=Media Y traffic_density=Alta,False
Reducir,signal_cycle_adjustment,0.235294,124,0.000608,0.5725,527,"ReglaPRISM(antecedente=[('traffic_density_lbl', 'Moderada'), ('queue_length_lbl', 'Extensa'), ('average_speed_lbl', 'Media'), ('vehicle_count_lbl', 'Bajo')], clase_objetivo='Reducir', variable_objetivo='signal_cycle_adjustment', confianza=0.23529411764705882, cobertura=124, soporte=0.0006078431372549019, lift=np.float64(0.5725327417161669), t=527)",traffic_density=Moderada Y queue_length=Extensa Y average_speed=Media Y vehicle_count=Bajo,False
Reducir,signal_cycle_adjustment,0.232143,104,0.00051,0.5649,448,"ReglaPRISM(antecedente=[('traffic_density_lbl', 'Moderada'), ('vehicle_count_lbl', 'Bajo'), ('queue_length_lbl', 'Corta'), ('average_speed_lbl', 'Baja')], clase_objetivo='Reducir', variable_objetivo='signal_cycle_adjustment', confianza=0.23214285714285715, cobertura=104, soporte=0.0005098039215686275, lift=np.float64(0.564864892496754), t=448)",traffic_density=Moderada Y vehicle_count=Bajo Y queue_length=Corta Y average_speed=Baja,False
Reducir,signal_cycle_adjustment,0.221211,997,0.004887,0.5383,4507,"ReglaPRISM(antecedente=[('traffic_density_lbl', 'Moderada'), ('average_speed_lbl', 'Media'), ('queue_length_lbl', 'Moderada'), ('vehicle_count_lbl', 'Bajo')], clase_objetivo='Reducir', variable_objetivo='signal_cycle_adjustment', confianza=0.22121144885733304, cobertura=997, soporte=0.0048872549019607844, lift=np.float64(0.5382658885815017), t=4507)",traffic_density=Moderada Y average_speed=Media Y queue_length=Moderada Y vehicle_count=Bajo,False
Reducir,signal_cycle_adjustment,0.215921,990,0.004853,0.5254,4585,"ReglaPRISM(antecedente=[('traffic_density_lbl', 'Moderada'), ('average_speed_lbl', 'Media'), ('queue_length_lbl', 'Corta'), ('vehicle_count_lbl', 'Bajo')], clase_objetivo='Reducir', variable_objetivo='signal_cycle_adjustment', confianza=0.2159214830970556, cobertura=990, soporte=0.0048529411764705885, lift=np.float64(0.5253940045301575), t=4585)",traffic_density=Moderada Y average_speed=Media Y queue_length=Corta Y vehicle_count=Bajo,False
Reducir,signal_cycle_adjustment,0.204453,101,0.000495,0.4975,494,"ReglaPRISM(antecedente=[('vehicle_count_lbl', 'Bajo'), ('traffic_density_lbl', 'Moderada'), ('queue_length_lbl', 'Moderada'), ('average_speed_lbl', 'Baja')], clase_objetivo='Reducir', variable_objetivo='signal_cycle_adjustment', confianza=0.20445344129554655, cobertura=101, soporte=0.0004950980392156863, lift=np.float64(0.4974892295175397), t=494)",vehicle_count=Bajo Y traffic_density=Moderada Y queue_length=Moderada Y average_speed=Baja,False
Reducir,signal_cycle_adjustment,0.157895,6,2.9e-05,0.3842,38,"ReglaPRISM(antecedente=[('vehicle_count_lbl', 'Bajo'), ('traffic_density_lbl', 'Moderada'), ('queue_length_lbl', 'Extensa'), ('average_speed_lbl', 'Baja')], clase_objetivo='Reducir', variable_objetivo='signal_cycle_adjustment', confianza=0.15789473684210525, cobertura=6, soporte=2.9411764705882354e-05, lift=np.float64(0.3841996029937435), t=38)",vehicle_count=Bajo Y traffic_density=Moderada Y queue_length=Extensa Y average_speed=Baja,False
Reducir,signal_cycle_adjustment,0.150109,275,0.001348,0.3653,1832,"ReglaPRISM(antecedente=[('queue_length_lbl', 'Moderada'), ('average_speed_lbl', 'Media'), ('vehicle_count_lbl', 'Alto'), ('traffic_density_lbl', 'Alta')], clase_objetivo='Reducir', variable_objetivo='signal_cycle_adjustment', confianza=0.15010917030567686, cobertura=275, soporte=0.0013480392156862745, lift=np.float64(0.3652552630353548), t=1832)",queue_length=Moderada Y average_speed=Media Y vehicle_count=Alto Y traffic_density=Alta,False
Reducir,signal_cycle_adjustment,0.132417,212,0.001039,0.3222,1601,"ReglaPRISM(antecedente=[('traffic_density_lbl', 'Baja'), ('queue_length_lbl', 'Extensa'), ('average_speed_lbl', 'Media'), ('vehicle_count_lbl', 'Bajo')], clase_objetivo='Reducir', variable_objetivo='signal_cycle_adjustment', confianza=0.13241723922548407, cobertura=212, soporte=0.00103921568627451, lift=np.float64(0.3222061213530708), t=1601)",traffic_density=Baja Y queue_length=Extensa Y average_speed=Media Y vehicle_count=Bajo,False
Reducir,signal_cycle_adjustment,0.113013,1624,0.007961,0.275,14370,"ReglaPRISM(antecedente=[('traffic_density_lbl', 'Baja'), ('average_speed_lbl', 'Media'), ('queue_length_lbl', 'Moderada'), ('vehicle_count_lbl', 'Bajo')], clase_objetivo='Reducir', variable_objetivo='signal_cycle_adjustment', confianza=0.11301322199025748, cobertura=1624, soporte=0.00796078431372549, lift=np.float64(0.2749910218041047), t=14370)",traffic_density=Baja Y average_speed=Media Y queue_length=Moderada Y vehicle_count=Bajo,False
Reducir,signal_cycle_adjustment,0.108072,1620,0.007941,0.263,14990,"ReglaPRISM(antecedente=[('traffic_density_lbl', 'Baja'), ('average_speed_lbl', 'Media'), ('queue_length_lbl', 'Corta'), ('vehicle_count_lbl', 'Bajo')], clase_objetivo='Reducir', variable_objetivo='signal_cycle_adjustment', confianza=0.10807204803202135, cobertura=1620, soporte=0.007941176470588234, lift=np.float64(0.26296784034128146), t=14990)",traffic_density=Baja Y average_speed=Media Y queue_length=Corta Y vehicle_count=Bajo,False
Reducir,signal_cycle_adjustment,0.098592,7,3.4e-05,0.2399,71,"ReglaPRISM(antecedente=[('average_speed_lbl', 'Baja'), ('queue_length_lbl', 'Moderada'), ('traffic_density_lbl', 'Alta'), ('vehicle_count_lbl', 'Alto')], clase_objetivo='Reducir', variable_objetivo='signal_cycle_adjustment', confianza=0.09859154929577464, cobertura=7, soporte=3.431372549019608e-05, lift=np.float64(0.23989928262050653), t=71)",average_speed=Baja Y queue_length=Moderada Y traffic_density=Alta Y vehicle_count=Alto,False
Reducir,signal_cycle_adjustment,0.097409,297,0.001456,0.237,3049,"ReglaPRISM(antecedente=[('traffic_density_lbl', 'Moderada'), ('queue_length_lbl', 'Moderada'), ('vehicle_count_lbl', 'Medio'), ('average_speed_lbl', 'Baja')], clase_objetivo='Reducir', variable_objetivo='signal_cycle_adjustment', confianza=0.09740898655296819, cobertura=297, soporte=0.0014558823529411764, lift=np.float64(0.23702179509059745), t=3049)",traffic_density=Moderada Y queue_length=Moderada Y vehicle_count=Medio Y average_speed=Baja,False
Reducir,signal_cycle_adjustment,0.095984,294,0.001441,0.2336,3063,"ReglaPRISM(antecedente=[('traffic_density_lbl', 'Moderada'), ('queue_length_lbl', 'Corta'), ('vehicle_count_lbl', 'Medio'), ('average_speed_lbl', 'Baja')], clase_objetivo='Reducir', variable_objetivo='signal_cycle_adjustment', confianza=0.09598432908912831, cobertura=294, soporte=0.0014411764705882352, lift=np.float64(0.2335552271545382), t=3063)",traffic_density=Moderada Y queue_length=Corta Y vehicle_count=Medio Y average_speed=Baja,False
Reducir,signal_cycle_adjustment,0.076923,11,5.4e-05,0.1872,143,"ReglaPRISM(antecedente=[('traffic_density_lbl', 'Baja'), ('queue_length_lbl', 'Extensa'), ('vehicle_count_lbl', 'Bajo'), ('average_speed_lbl', 'Baja')], clase_objetivo='Reducir', variable_objetivo='signal_cycle_adjustment', confianza=0.07692307692307693, cobertura=11, soporte=5.392156862745098e-05, lift=np.float64(0.18717416556105457), t=143)",traffic_density=Baja Y queue_length=Extensa Y vehicle_count=Bajo Y average_speed=Baja,False
Reducir,signal_cycle_adjustment,0.054222,61,0.000299,0.1319,1125,"ReglaPRISM(antecedente=[('traffic_density_lbl', 'Baja'), ('queue_length_lbl', 'Moderada'), ('vehicle_count_lbl', 'Bajo'), ('average_speed_lbl', 'Baja')], clase_objetivo='Reducir', variable_objetivo='signal_cycle_adjustment', confianza=0.05422222222222222, cobertura=61, soporte=0.00029901960784313724, lift=np.float64(0.13193698959103667), t=1125)",traffic_density=Baja Y queue_length=Moderada Y vehicle_count=Bajo Y average_speed=Baja,False
Reducir,signal_cycle_adjustment,0.052632,2,1e-05,0.1281,38,"ReglaPRISM(antecedente=[('vehicle_count_lbl', 'Medio'), ('queue_length_lbl', 'Moderada'), ('average_speed_lbl', 'Media'), ('traffic_density_lbl', 'Alta')], clase_objetivo='Reducir', variable_objetivo='signal_cycle_adjustment', confianza=0.05263157894736842, cobertura=2, soporte=9.803921568627451e-06, lift=np.float64(0.12806653433124784), t=38)",vehicle_count=Medio Y queue_length=Moderada Y average_speed=Media Y traffic_density=Alta,False
Reducir,signal_cycle_adjustment,0.050758,67,0.000328,0.1235,1320,"ReglaPRISM(antecedente=[('vehicle_count_lbl', 'Medio'), ('queue_length_lbl', 'Extensa'), ('average_speed_lbl', 'Baja'), ('traffic_density_lbl', 'Alta')], clase_objetivo='Reducir', variable_objetivo='signal_cycle_adjustment', confianza=0.05075757575757576, cobertura=67, soporte=0.0003284313725490196, lift=np.float64(0.1235065895482413), t=1320)",vehicle_count=Medio Y queue_length=Extensa Y average_speed=Baja Y traffic_density=Alta,False
Reducir,signal_cycle_adjustment,0.049101,112,0.000549,0.1195,2281,"ReglaPRISM(antecedente=[('vehicle_count_lbl', 'Medio'), ('queue_length_lbl', 'Moderada'), ('traffic_density_lbl', 'Alta'), ('average_speed_lbl', 'Baja')], clase_objetivo='Reducir', variable_objetivo='signal_cycle_adjustment', confianza=0.04910127137220517, cobertura=112, soporte=0.0005490196078431372, lift=np.float64(0.11947636346203218), t=2281)",vehicle_count=Medio Y queue_length=Moderada Y traffic_density=Alta Y average_speed=Baja,False
Reducir,signal_cycle_adjustment,0.04294,52,0.000255,0.1045,1211,"ReglaPRISM(antecedente=[('traffic_density_lbl', 'Baja'), ('queue_length_lbl', 'Corta'), ('vehicle_count_lbl', 'Bajo'), ('average_speed_lbl', 'Baja')], clase_objetivo='Reducir', variable_objetivo='signal_cycle_adjustment', confianza=0.042939719240297276, cobertura=52, soporte=0.00025490196078431374, lift=np.float64(0.10448367953697182), t=1211)",traffic_density=Baja Y queue_length=Corta Y vehicle_count=Bajo Y average_speed=Baja,False
Reducir,signal_cycle_adjustment,0.036669,48,0.000235,0.0892,1309,"ReglaPRISM(antecedente=[('vehicle_count_lbl', 'Medio'), ('average_speed_lbl', 'Baja'), ('traffic_density_lbl', 'Alta'), ('queue_length_lbl', 'Corta')], clase_objetivo='Reducir', variable_objetivo='signal_cycle_adjustment', confianza=0.03666921313980138, cobertura=48, soporte=0.00023529411764705883, lift=np.float64(0.08922588182589614), t=1309)",vehicle_count=Medio Y average_speed=Baja Y traffic_density=Alta Y queue_length=Corta,False
Reducir,signal_cycle_adjustment,0.022222,1,5e-06,0.0541,45,"ReglaPRISM(antecedente=[('vehicle_count_lbl', 'Medio'), ('queue_length_lbl', 'Corta'), ('traffic_density_lbl', 'Alta'), ('average_speed_lbl', 'Media')], clase_objetivo='Reducir', variable_objetivo='signal_cycle_adjustment', confianza=0.022222222222222223, cobertura=1, soporte=4.901960784313726e-06, lift=np.float64(0.05407253671763798), t=45)",vehicle_count=Medio Y queue_length=Corta Y traffic_density=Alta Y average_speed=Media,False
Reducir,signal_cycle_adjustment,0.013002,681,0.003338,0.0316,52375,"ReglaPRISM(antecedente=[('average_speed_lbl', 'Baja'), ('queue_length_lbl', 'Extensa'), ('traffic_density_lbl', 'Alta'), ('vehicle_count_lbl', 'Alto')], clase_objetivo='Reducir', variable_objetivo='signal_cycle_adjustment', confianza=0.013002386634844869, cobertura=681, soporte=0.003338235294117647, lift=np.float64(0.031638241292830854), t=52375)",average_speed=Baja Y queue_length=Extensa Y traffic_density=Alta Y vehicle_count=Alto,False
